rater_id,proposal_id,pid,dimension,score
1,1,p1,team,4
1,1,p1,objective,4
1,1,p1,strategy,3
1,1,p1,advantages,3
1,1,p1,feasibility,2
1,1,p1,overall_ranking,13
1,2,p2,team,4
1,2,p2,objective,4
1,2,p2,strategy,4
1,2,p2,advantages,4
1,2,p2,feasibility,3
1,2,p2,overall_ranking,15
1,3,p3,team,5
1,3,p3,objective,4
1,3,p3,strategy,4
1,3,p3,advantages,4
1,3,p3,feasibility,3
1,3,p3,overall_ranking,16
1,4,p4,team,4
1,4,p4,objective,4
1,4,p4,strategy,3
1,4,p4,advantages,3
1,4,p4,feasibility,2
1,4,p4,overall_ranking,13
1,5,p5,team,4
1,5,p5,objective,4
1,5,p5,strategy,3
1,5,p5,advantages,4
1,5,p5,feasibility,3
1,5,p5,overall_ranking,14
1,6,p6,team,4
1,6,p6,objective,4
1,6,p6,strategy,3
1,6,p6,advantages,3
1,6,p6,feasibility,2
1,6,p6,overall_ranking,13
1,7,p7,team,5
1,7,p7,objective,4
1,7,p7,strategy,4
1,7,p7,advantages,4
1,7,p7,feasibility,3
1,7,p7,overall_ranking,16
1,8,p8,team,4
1,8,p8,objective,4
1,8,p8,strategy,3
1,8,p8,advantages,3
1,8,p8,feasibility,2
1,8,p8,overall_ranking,13
1,9,pA,team,5
1,9,pA,objective,4
1,9,pA,strategy,4
1,9,pA,advantages,4
1,9,pA,feasibility,3
1,9,pA,overall_ranking,16
1,10,pB,team,4
1,10,pB,objective,4
1,10,pB,strategy,3
1,10,pB,advantages,4
1,10,pB,feasibility,3
1,10,pB,overall_ranking,14
1,11,pC,team,3
1,11,pC,objective,4
1,11,pC,strategy,4
1,11,pC,advantages,3
1,11,pC,feasibility,3
1,11,pC,overall_ranking,14
1,12,pD,team,5
1,12,pD,objective,4
1,12,pD,strategy,4
1,12,pD,advantages,4
1,12,pD,feasibility,4
1,12,pD,overall_ranking,17
2,1,p1,team,4
2,1,p1,objective,4
2,1,p1,strategy,3
2,1,p1,advantages,3
2,1,p1,feasibility,2
2,1,p1,overall_ranking,13
2,2,p2,team,4
2,2,p2,objective,4
2,2,p2,strategy,4
2,2,p2,advantages,4
2,2,p2,feasibility,3
2,2,p2,overall_ranking,15
2,3,p3,team,5
2,3,p3,objective,4
2,3,p3,strategy,4
2,3,p3,advantages,4
2,3,p3,feasibility,3
2,3,p3,overall_ranking,16
2,4,p4,team,3
2,4,p4,objective,4
2,4,p4,strategy,3
2,4,p4,advantages,3
2,4,p4,feasibility,2
2,4,p4,overall_ranking,12
2,5,p5,team,4
2,5,p5,objective,5
2,5,p5,strategy,3
2,5,p5,advantages,4
2,5,p5,feasibility,3
2,5,p5,overall_ranking,15
2,6,p6,team,4
2,6,p6,objective,4
2,6,p6,strategy,3
2,6,p6,advantages,3
2,6,p6,feasibility,2
2,6,p6,overall_ranking,13
2,7,p7,team,5
2,7,p7,objective,4
2,7,p7,strategy,4
2,7,p7,advantages,4
2,7,p7,feasibility,3
2,7,p7,overall_ranking,16
2,8,p8,team,4
2,8,p8,objective,4
2,8,p8,strategy,3
2,8,p8,advantages,3
2,8,p8,feasibility,2
2,8,p8,overall_ranking,13
2,9,pA,team,5
2,9,pA,objective,4
2,9,pA,strategy,4
2,9,pA,advantages,4
2,9,pA,feasibility,3
2,9,pA,overall_ranking,16
2,10,pB,team,4
2,10,pB,objective,4
2,10,pB,strategy,3
2,10,pB,advantages,3
2,10,pB,feasibility,3
2,10,pB,overall_ranking,14
2,11,pC,team,3
2,11,pC,objective,4
2,11,pC,strategy,4
2,11,pC,advantages,3
2,11,pC,feasibility,3
2,11,pC,overall_ranking,14
2,12,pD,team,5
2,12,pD,objective,4
2,12,pD,strategy,3
2,12,pD,advantages,4
2,12,pD,feasibility,3
2,12,pD,overall_ranking,15
3,1,p1,team,4
3,1,p1,objective,4
3,1,p1,strategy,3
3,1,p1,advantages,3
3,1,p1,feasibility,2
3,1,p1,overall_ranking,13
3,2,p2,team,4
3,2,p2,objective,4
3,2,p2,strategy,4
3,2,p2,advantages,4
3,2,p2,feasibility,3
3,2,p2,overall_ranking,15
3,3,p3,team,5
3,3,p3,objective,4
3,3,p3,strategy,4
3,3,p3,advantages,4
3,3,p3,feasibility,3
3,3,p3,overall_ranking,16
3,4,p4,team,4
3,4,p4,objective,4
3,4,p4,strategy,3
3,4,p4,advantages,3
3,4,p4,feasibility,2
3,4,p4,overall_ranking,13
3,5,p5,team,4
3,5,p5,objective,4
3,5,p5,strategy,4
3,5,p5,advantages,4
3,5,p5,feasibility,4
3,5,p5,overall_ranking,16
3,6,p6,team,5
3,6,p6,objective,4
3,6,p6,strategy,3
3,6,p6,advantages,4
3,6,p6,feasibility,2
3,6,p6,overall_ranking,14
3,7,p7,team,5
3,7,p7,objective,4
3,7,p7,strategy,4
3,7,p7,advantages,4
3,7,p7,feasibility,3
3,7,p7,overall_ranking,16
3,8,p8,team,4
3,8,p8,objective,5
3,8,p8,strategy,3
3,8,p8,advantages,3
3,8,p8,feasibility,2
3,8,p8,overall_ranking,14
3,9,pA,team,5
3,9,pA,objective,4
3,9,pA,strategy,4
3,9,pA,advantages,4
3,9,pA,feasibility,3
3,9,pA,overall_ranking,16
3,10,pB,team,4
3,10,pB,objective,4
3,10,pB,strategy,3
3,10,pB,advantages,4
3,10,pB,feasibility,3
3,10,pB,overall_ranking,14
3,11,pC,team,3
3,11,pC,objective,4
3,11,pC,strategy,4
3,11,pC,advantages,3
3,11,pC,feasibility,3
3,11,pC,overall_ranking,14
3,12,pD,team,5
3,12,pD,objective,4
3,12,pD,strategy,4
3,12,pD,advantages,4
3,12,pD,feasibility,4
3,12,pD,overall_ranking,17
