pid,ai_score,actual_success
kt1,0.598,1
kt2,0.56,1
kt3,0.626,1
kt4,0.571,1
kt5,0.565,1
kt6,0.562,1
kt7,0.551,1
kt8,0.561,1
kt9,0.608,1
kt10,0.639,1
kt11,0.582,1
kt12,0.491,1
kt13,0.606,1
kt14,0.595,1
kt15,0.564,1
kt16,0.554,1
kt17,0.594,1
kt18,0.404,1
kt19,0.53,1
kt20,0.477,0
kt21,0.518,0
kt22,0.571,0
kt23,0.606,0
kt24,0.56,0
kt25,0.542,0
kt26,0.516,0
kt27,0.631,0
kt28,0.331,0
kt29,0.585,0
kt30,0.567,0
kt31,0.392,0
kt32,0.593,0
kt33,0.605,0
kt34,0.565,0
kt35,0.629,0
kt36,0.606,0
kt37,0.53,0
kt38,0.449,0
kt39,0.571,0
kt40,0.444,0
kt41,0.57,0
kt42,0.593,0
kt43,0.482,0
kt44,0.331,0
kt45,0.52,0
kt46,0.565,0
kt47,0.361,0
kt48,0.525,0
kt49,0.64,0
kt50,0.523,0
kt51,0.567,0
kt52,0.566,0
kt53,0.516,0
kt54,0.452,0
kt55,0.476,0
kt56,0.56,0
kt57,0.341,0
kt58,0.367,0
kt59,0.525,0
kt60,0.561,0
kt61,0.528,0
kt62,0.605,0
kt63,0.611,0
kt64,0.518,0
kt65,0.575,0
kt66,0.436,0
kt67,0.602,0
kt68,0.476,0
kt69,0.63,0
kt70,0.583,0
kt71,0.573,0
kt72,0.328,0
kt73,0.438,0
kt74,0.485,0
kt75,0.471,0
kt76,0.561,0
kt77,0.26,0
kt78,0.504,0
kt79,0.449,0
kt80,0.594,0
kt81,0.334,0
kt82,0.478,0
kt83,0.299,0
kt84,0.411,0
kt85,0.613,0
kt86,0.478,0
kt87,0.48,0
kt88,0.517,0
kt89,0.483,0
kt90,0.23,0
kt91,0.438,0
kt92,0.398,0
kt93,0.572,0
kt94,0.484,0
kt95,0.475,0
kt96,0.571,0
kt97,0.451,0
kt98,0.57,0
kt99,0.477,0
kt100,0.56,0
kt101,0.595,0
kt102,0.517,0
kt103,0.56,0
kt104,0.479,0
km1,0.612,1
km2,0.624,1
km3,0.593,1
km4,0.563,1
km5,0.604,1
km6,0.527,0
km7,0.482,0
km8,0.441,0
km9,0.564,0
km10,0.4,0
km11,0.42,0
km12,0.477,0
km13,0.595,0
km14,0.484,0
km15,0.56,0
km16,0.406,0
km17,0.516,0
km18,0.55,0
km19,0.606,0
km20,0.53,0
km21,0.301,0
km22,0.493,0
km23,0.515,0
km24,0.331,0
km25,0.482,0
km26,0.32,0
km27,0.47,0
km28,0.554,0
km29,0.601,0
km30,0.564,0
km31,0.354,0
km32,0.517,0
km33,0.44,0
km34,0.559,0
km35,0.402,0
km36,0.567,0
km37,0.366,0
