test_name,rho,ci_lower,ci_upper,n
RQ1_team,0.3982,-0.3235,0.8725,12
RQ1_objective,-0.2748,-0.7574,0.3472,12
RQ1_strategy,0.3236,-0.0841,0.6667,12
RQ1_advantages,0.0612,-0.4933,0.6147,12
RQ1_feasibility,0.1561,-0.4282,0.6835,12
RQ1_overall,0.5894,-0.0307,0.9568,12
RQ3_team,0.1602,-0.0208,0.3282,141
RQ3_objective,0.0876,-0.0659,0.256,141
RQ3_strategy,0.2522,0.0979,0.3912,141
RQ3_advantages,0.2014,0.0336,0.3479,141
RQ3_feasibility,0.344,0.1824,0.4957,141
RQ3_overall,0.3659,0.2078,0.5037,141
