threshold,score_selected,score_TP,conf_selected,conf_TP
0.4,124,24,141,24
0.405,121,23,141,24
0.41,120,23,141,24
0.415,119,23,141,24
0.42,119,23,141,24
0.425,118,23,141,24
0.43,118,23,141,24
0.435,118,23,141,24
0.44,115,23,141,24
0.445,112,23,141,24
0.45,110,23,141,24
0.455,108,23,141,24
0.46,108,23,141,24
0.465,108,23,141,24
0.47,108,23,141,24
0.475,106,23,141,24
0.48,97,23,141,24
0.485,90,23,141,24
0.49,89,23,141,24
0.495,87,22,141,24
0.5,87,22,141,24
0.505,86,22,141,24
0.51,86,22,141,24
0.515,86,22,141,24
0.52,77,22,141,24
0.525,75,22,141,24
0.53,71,22,141,24
0.535,68,21,141,24
0.54,68,21,141,24
0.545,67,21,141,24
0.55,67,21,141,24
0.555,63,19,141,24
0.56,62,19,141,24
0.565,48,14,141,24
0.57,41,13,141,24
0.575,33,12,139,24
0.58,32,12,139,24
0.585,30,11,136,24
0.59,29,11,132,24
0.595,24,9,130,24
0.6,20,7,124,23
0.605,17,6,116,22
0.61,10,4,105,21
0.615,7,3,98,21
0.62,7,3,85,20
0.625,6,2,71,15
0.63,4,1,49,12
0.635,2,1,38,8
0.64,1,0,26,7
0.645,0,0,18,6
0.65,0,0,7,2
0.655,0,0,5,1
0.66,0,0,1,0
0.665,0,0,0,0
0.67,0,0,0,0
0.675,0,0,0,0
0.68,0,0,0,0
0.685,0,0,0,0
0.69,0,0,0,0
0.695,0,0,0,0
0.7,0,0,0,0
0.705,0,0,0,0
0.71,0,0,0,0
0.715,0,0,0,0
0.72,0,0,0,0
0.725,0,0,0,0
0.73,0,0,0,0
0.735,0,0,0,0
0.74,0,0,0,0
0.745,0,0,0,0
0.75,0,0,0,0
0.755,0,0,0,0
0.76,0,0,0,0
0.765,0,0,0,0
0.77,0,0,0,0
0.775,0,0,0,0
0.78,0,0,0,0
0.785,0,0,0,0
0.79,0,0,0,0
0.795,0,0,0,0
0.8,0,0,0,0
0.805,0,0,0,0
0.81,0,0,0,0
0.815,0,0,0,0
0.82,0,0,0,0
0.825,0,0,0,0
0.83,0,0,0,0
0.835,0,0,0,0
0.84,0,0,0,0
0.845,0,0,0,0
0.85,0,0,0,0
0.855,0,0,0,0
