score,label,funding_pct,confidence,oof_pred,fold
0.612,1,1588.0,0.634,1,4
0.624,1,4534.0,0.642,1,4
0.593,1,102.0,0.647,1,3
0.563,1,1462.0,0.626,0,2
0.604,1,464.0,0.645,1,4
0.527,0,12.0,0.617,0,2
0.482,0,0.0,0.618,0,2
0.441,0,22.0,0.637,0,1
0.564,0,0.0,0.627,1,3
0.4,0,0.0,0.64,0,4
0.42,0,4.0,0.636,0,3
0.477,0,0.0,0.596,0,1
0.595,0,15.0,0.651,1,4
0.484,0,1.0,0.628,0,4
0.56,0,1.0,0.637,1,5
0.406,0,15.0,0.625,0,2
0.516,0,31.0,0.608,0,2
0.55,0,30.0,0.615,0,2
0.606,0,4.0,0.606,1,4
0.53,0,0.0,0.627,0,5
0.301,0,0.0,0.601,0,5
0.493,0,0.0,0.646,1,4
0.515,0,35.0,0.633,0,4
0.331,0,0.0,0.647,1,5
0.482,0,0.0,0.616,0,3
0.32,0,0.0,0.574,0,2
0.47,0,0.0,0.615,0,2
0.554,0,0.0,0.64,0,2
0.601,0,15.0,0.628,1,3
0.564,0,12.0,0.606,1,4
0.354,0,1.0,0.57,0,2
0.517,0,18.0,0.62,0,4
0.44,0,0.0,0.636,0,3
0.559,0,2.0,0.608,1,3
0.402,0,19.0,0.641,0,1
0.567,0,0.0,0.633,1,1
0.366,0,0.0,0.615,0,1
0.598,1,107.0,0.623,0,2
0.56,1,107.0,0.634,0,1
0.626,1,112.0,0.637,1,1
0.571,1,162.0,0.633,1,3
0.565,1,331.0,0.597,1,3
0.562,1,127.0,0.621,0,2
0.551,1,112.0,0.619,0,4
0.561,1,134.0,0.627,1,5
0.608,1,206.0,0.634,1,1
0.639,1,151.0,0.626,1,5
0.582,1,228.0,0.623,1,1
0.491,1,111.0,0.623,0,3
0.606,1,675.0,0.623,0,2
0.595,1,105.0,0.655,1,5
0.564,1,103.0,0.65,1,4
0.554,1,100.0,0.645,0,1
0.594,1,101.0,0.608,1,5
0.404,1,138.0,0.603,0,2
0.53,1,166.0,0.649,0,3
0.477,0,2.0,0.629,0,3
0.518,0,3.0,0.605,0,5
0.571,0,5.0,0.655,1,5
0.606,0,0.0,0.625,0,2
0.56,0,9.0,0.64,0,1
0.542,0,1.0,0.642,0,3
0.516,0,40.0,0.6,0,4
0.631,0,14.0,0.637,1,5
0.331,0,0.0,0.582,0,5
0.585,0,0.0,0.616,1,4
0.567,0,0.0,0.627,1,3
0.392,0,0.0,0.593,0,5
0.593,0,0.0,0.645,1,3
0.605,0,24.0,0.623,1,1
0.565,0,0.0,0.628,1,5
0.629,0,2.0,0.634,1,5
0.606,0,1.0,0.648,1,2
0.53,0,0.0,0.62,0,4
0.449,0,7.0,0.601,0,4
0.571,0,6.0,0.616,1,5
0.444,0,5.0,0.597,0,5
0.57,0,2.0,0.596,0,2
0.593,0,1.0,0.64,1,1
0.482,0,37.0,0.614,0,4
0.331,0,0.0,0.625,0,1
0.52,0,0.0,0.624,0,3
0.565,0,2.0,0.628,1,1
0.361,0,0.0,0.616,0,4
0.525,0,7.0,0.606,0,5
0.64,0,4.0,0.622,1,3
0.523,0,0.0,0.612,0,3
0.567,0,0.0,0.63,1,1
0.566,0,1.0,0.6,1,3
0.516,0,3.0,0.609,0,4
0.452,0,10.0,0.584,0,5
0.476,0,0.0,0.63,0,1
0.56,0,0.0,0.648,1,4
0.341,0,33.0,0.606,0,1
0.367,0,6.0,0.588,0,3
0.525,0,4.0,0.621,0,2
0.561,0,0.0,0.635,0,2
0.528,0,0.0,0.59,0,3
0.605,0,0.0,0.629,1,5
0.611,0,1.0,0.648,1,2
0.518,0,0.0,0.634,0,1
0.575,0,2.0,0.631,0,2
0.436,0,0.0,0.611,0,3
0.602,0,0.0,0.627,1,3
0.476,0,0.0,0.613,0,4
0.63,0,3.0,0.639,1,1
0.583,0,1.0,0.635,0,2
0.573,0,0.0,0.657,1,1
0.328,0,1.0,0.617,0,1
0.438,0,0.0,0.588,0,2
0.485,0,6.0,0.616,0,3
0.471,0,0.0,0.598,0,4
0.561,0,0.0,0.661,1,5
0.26,0,0.0,0.586,0,1
0.504,0,0.0,0.635,0,2
0.449,0,4.0,0.628,0,1
0.594,0,0.0,0.647,1,2
0.334,0,0.0,0.612,0,3
0.478,0,0.0,0.602,0,3
0.299,0,0.0,0.61,0,3
0.411,0,0.0,0.597,0,5
0.613,0,0.0,0.628,1,5
0.478,0,0.0,0.637,0,2
0.48,0,0.0,0.603,0,4
0.517,0,11.0,0.605,0,1
0.483,0,0.0,0.604,0,4
0.23,0,0.0,0.58,0,2
0.438,0,0.0,0.589,0,1
0.398,0,0.0,0.622,0,3
0.572,0,4.0,0.643,0,2
0.484,0,0.0,0.611,0,1
0.475,0,0.0,0.62,0,2
0.571,0,0.0,0.636,1,4
0.451,0,0.0,0.655,1,5
0.57,0,34.0,0.624,1,4
0.477,0,0.0,0.626,0,4
0.56,0,0.0,0.627,1,5
0.595,0,1.0,0.626,1,1
0.517,0,9.0,0.628,0,5
0.56,0,3.0,0.619,0,1
0.479,0,0.0,0.605,0,5
